language_code,title,short_description,full_description
en-US,"Castl-it POS: Sales & Stock","POS, inventory, barcode & invoices — sell online or offline, any shop.","Castl-it POS is a point of sale (POS), inventory and billing app for retail shops, bookshops, cafés, restaurants, groceries and pharmacies. Sell faster at the counter, track stock in real time, and keep working even without internet.

A clean touchscreen checkout, accurate stock and instant receipts — on your phone, tablet or computer.

KEY FEATURES
• Fast touchscreen POS / cash register — sell in seconds
• Real-time inventory & low-stock alerts
• Barcode scanner & cash-drawer compatible
• Works offline, syncs automatically
• Invoices, receipts, quotes and sales reports
• Customers, suppliers, credit and payments
• Multi-terminal: computer, tablet and mobile
• Multi-currency, configurable taxes and compliance fields
• Available in English, French and Arabic

PERFECT FOR
Bookshops, stationery, cafés, restaurants, fast food, groceries, mini-markets, pharmacies, boutiques and all retail and service businesses.

WHY CASTL-IT POS
No expensive hardware, no lock-in. Start free and run your whole shop — sales, stock, invoicing and reports — from one simple app.

Start free, no commitment. Learn more at castlitpos.com"
fr-FR,"Castl-it POS : Caisse & Stock","Caisse, stock, code-barres & factures — en ligne ou hors-ligne.","Castl-it POS est une application de caisse (point de vente), gestion de stock et facturation pour tous les commerces : boutiques, librairies, cafés, restaurants, épiceries et pharmacies. Encaissez plus vite, suivez votre stock en temps réel et continuez à vendre même sans internet.

Une caisse tactile claire, un stock juste et des tickets instantanés — sur mobile, tablette ou ordinateur.

FONCTIONNALITÉS
• Caisse tactile rapide — encaissez en quelques secondes
• Stock en temps réel & alertes de rupture
• Compatible lecteur de codes-barres & tiroir-caisse
• Fonctionne hors-ligne, synchronisation automatique
• Factures, tickets, devis et rapports de ventes
• Clients, fournisseurs, crédit et paiements
• Multi-terminaux : ordinateur, tablette et mobile
• Multi-devises, taxes et champs de conformité configurables
• Disponible en français, arabe et anglais

IDÉAL POUR
Librairies, papeteries, cafés, restaurants, fast-food, épiceries, supérettes, pharmacies, boutiques et tout commerce ou service.

POURQUOI CASTL-IT POS
Sans matériel coûteux, sans engagement. Démarrez gratuitement et gérez tout votre commerce — ventes, stock, facturation et rapports — depuis une seule application.

Essai gratuit, sans engagement. Plus d'infos sur castlitpos.com"
ar,"Castl-it POS: صندوق ومخزون","صندوق ومخزون وباركود وفواتير — بيع بالإنترنت أو بدونه، لأي متجر.","Castl-it POS تطبيق للصندوق (نقطة البيع) وإدارة المخزون والفوترة لكل المتاجر: المحلات والمكتبات والمقاهي والمطاعم والبقالات والصيدليات. بِع أسرع عند الكاونتر، وتابع مخزونك في الوقت الفعلي، واستمر في البيع حتى بدون إنترنت.

واجهة صندوق باللمس واضحة، ومخزون دقيق، وتذاكر فورية — على الهاتف أو اللوحي أو الحاسوب.

المزايا
• صندوق باللمس سريع — بِع في ثوانٍ
• مخزون في الوقت الفعلي وتنبيهات نفاد المخزون
• متوافق مع قارئ الباركود ودرج النقود
• يعمل دون إنترنت مع مزامنة تلقائية
• فواتير، تذاكر، عروض أسعار وتقارير مبيعات
• العملاء والموردون والائتمان والمدفوعات
• متعدد النقاط: حاسوب، لوحي، وهاتف
• متعدد العملات وضرائب وحقول امتثال قابلة للتهيئة
• متوفر بالعربية والفرنسية والإنجليزية

مثالي لـ
المكتبات والقرطاسية والمقاهي والمطاعم والوجبات السريعة والبقالات والصيدليات والبوتيكات وكل المتاجر والخدمات.

لماذا Castl-it POS
بدون أجهزة مكلفة وبدون التزام. ابدأ مجانًا وأدر متجرك بالكامل — المبيعات والمخزون والفوترة والتقارير — من تطبيق واحد بسيط.

جرّب مجانًا بدون التزام. المزيد على castlitpos.com"
